40.757778;-74.002594
40.805458;-73.953163
40.720291;-73.957222
40.72826;-73.784248
40.752445;-73.979172
40.651234;-74.010643
40.712784;-74.005943
40.782001;-73.833504
40.782001;-73.833504
40.805458;-73.953163
40.876812;-74.08709
40.749889;-73.985344
40.756081;-73.92247
40.712784;-74.005943
40.727562;-74.007576
40.751984;-73.989944
40.727562;-74.007576
40.76041;-73.987457
40.727562;-74.007576
40.727562;-74.007576
40.727562;-74.007576
40.727562;-74.007576
40.727562;-74.007576
40.727562;-74.007576
40.727562;-74.007576
40.727562;-74.007576
40.727562;-74.007576
40.753246;-73.988464
40.727562;-74.007576
40.727562;-74.007576
40.727562;-74.007576
40.727562;-74.007576
40.727562;-74.007576
40.727562;-74.007576
40.727562;-74.007576
40.727562;-74.007576
40.727562;-74.007576
40.727562;-74.007576
40.727562;-74.007576
40.727562;-74.007576
40.726768;-74.071213
40.727562;-74.007576
40.727562;-74.007576
40.751984;-73.989944
40.758484;-73.970253
40.704891;-74.017326
40.726349;-74.033325
40.758034;-73.984779
40.74947;-73.977768
40.752499;-74.001053
40.757179;-73.969162
40.75359;-73.991463
40.745033;-73.983749
40.758957;-73.979462
40.741535;-73.987038
40.74947;-73.977768
40.753246;-73.988464
40.749866;-73.985352
40.726432;-73.985605
40.709183;-74.010071
40.749805;-73.985191
40.749805;-73.985191
40.74789;-73.982895
40.74947;-73.977768
40.719025;-74.004425
40.732952;-73.99001
40.677174;-73.957558
40.725018;-73.99703
40.643806;-73.977501
40.74947;-73.977768
40.744404;-73.987152
40.702637;-73.989403
40.727832;-73.994779
40.837631;-74.187843
40.784172;-73.9684
40.820065;-73.977219
40.950169;-73.846695
40.782001;-73.833504
40.75613;-73.772804
40.800705;-73.965088
40.661297;-73.699638
40.708263;-74.403572
40.752853;-73.985962
40.752853;-73.985962
40.756992;-73.989677
40.746273;-73.98825
40.751659;-73.978226
40.761005;-73.986588
40.752853;-73.985962
40.76733;-73.969986
40.75;-73.989998
40.75787;-73.968925
40.76752;-73.96257
40.752853;-73.985962
40.723171;-73.997177
40.751659;-73.978226
40.752853;-73.985962
40.740017;-73.997795
40.752853;-73.985962
40.752853;-73.985962
40.752853;-73.985962
40.74472;-73.985008
40.752853;-73.985962
40.748055;-73.994751
40.694798;-73.992409
40.752853;-73.985962
40.748055;-73.994751
40.74654;-73.98597
40.61993;-73.933533
40.726387;-74.00779
40.690334;-73.989647
40.737675;-73.992928
40.668224;-73.973824
40.726578;-73.990601
40.747948;-73.985954
40.748055;-73.994751
40.726387;-74.00779
40.716115;-74.047065
40.714352;-74.005974
40.677998;-73.959251
40.758183;-73.834999
40.681293;-73.976852
40.863316;-74.269585
40.796749;-74.31115
40.876709;-74.042923
40.752056;-73.979836
40.752056;-73.979836
40.83765;-73.938248
40.729168;-74.40972
40.715366;-74.360191
40.759232;-73.919655
40.756321;-73.921883
40.747936;-73.981888
40.747643;-73.993248
40.742462;-73.993118
40.750328;-73.991104
41.091007;-73.917725
41.105877;-73.916801
40.75259;-73.995171
40.750992;-73.988876
40.764126;-73.92961
40.747334;-73.987251
40.742973;-73.989273
40.775253;-73.98259
40.714352;-74.005974
40.753578;-73.991867
40.720058;-74.004738
40.743984;-73.950249
40.720219;-74.001564
40.682762;-73.995544
40.765549;-73.991562
40.755051;-73.991829
40.728378;-73.999059
40.752842;-73.984772
40.720219;-74.001564
40.734631;-73.988091
40.718845;-74.002281
40.749218;-73.983017
40.720306;-74.012032
40.719635;-74.042641
40.747936;-73.981888
40.712784;-74.005943
40.765549;-73.991562
40.770523;-73.982018
40.673771;-73.96949
40.743752;-74.029404
40.703114;-73.867821
40.737786;-74.03296
40.733181;-74.005394
40.685532;-73.959534
40.679306;-73.981407
40.669426;-73.972816
40.643127;-73.965057
40.643127;-73.965057
40.622016;-74.031665
40.719849;-74.082191
40.933838;-73.758286
40.733181;-74.005394
40.885273;-74.28125
41.007961;-73.753418
41.012451;-73.872154
40.982204;-73.826965
40.979485;-73.776009
40.783062;-73.971252
40.813438;-73.94519
40.805264;-73.966232
40.708;-73.706924
40.770046;-73.814751
40.7274;-73.988525
40.674782;-73.971786
40.731728;-74.185814
40.746666;-73.985748
40.685741;-73.990883
41.021397;-73.74619
40.925991;-74.245537
40.888088;-74.026237
40.894356;-73.976135
40.940266;-73.834251
40.662025;-73.532562
40.7186;-74.3544
40.748646;-73.948776
40.716389;-74.012932
40.743748;-74.258644
40.746513;-73.989182
40.760068;-73.978877
40.756428;-73.981361
40.743797;-73.984604
40.807961;-73.944916
40.542461;-74.371872
40.792831;-74.233131
40.792831;-74.233131
40.792831;-74.233131
40.978252;-74.083549
40.72242;-73.959328
40.678631;-73.95871
40.707909;-73.657768
40.74564;-73.90641
40.737423;-74.043068
40.905251;-74.063881
40.721973;-73.959923
40.757778;-74.002594
40.756729;-73.9897
41.071243;-74.138107
40.752686;-73.975899
40.752686;-73.975899
40.752686;-73.975899
40.72171;-73.950623
40.985661;-73.871872
40.771156;-73.97969
40.977905;-73.882141
40.860905;-74.197792
40.803436;-73.968246
40.782001;-73.833504
40.718929;-74.006142
40.76844;-73.961571
40.607372;-73.960869
40.81128;-74.219345
40.730132;-73.991773
40.746107;-74.024137
40.818577;-74.224251
40.818367;-74.224548
40.64584;-73.947769
40.818577;-74.224251
40.750351;-73.984833
40.750351;-73.984833
40.750351;-73.984833
40.594799;-73.941147
40.655983;-74.29577
40.757179;-73.969162
40.764355;-73.986908
40.74379;-73.97953
40.75034;-73.978455
40.73875;-73.980904
40.724697;-74.000313
40.738953;-73.980789
40.752949;-73.984253
40.753834;-74.001534
40.73875;-73.980904
40.757179;-73.98719
40.756992;-73.989677
40.726753;-73.995987
40.714352;-74.005974
40.73875;-73.980904
40.714352;-74.005974
40.732895;-73.997864
40.72727;-73.998955
40.745781;-74.00705
40.758808;-73.973946
40.714352;-74.005974
40.73875;-73.980904
40.739674;-73.994041
40.709999;-74
40.66526;-73.982597
40.726479;-73.981537
40.749626;-74.024841
41.027023;-73.758476
40.835709;-74.149109
40.912823;-73.838074
40.783145;-73.979065
40.747936;-73.981888
40.767902;-73.956726
40.744576;-73.990433
40.777931;-74.399979
41.007279;-74.29355
40.756451;-73.992526
40.681107;-73.975006
40.744682;-73.984871
40.756451;-73.992526
40.723408;-73.984306
40.740337;-73.995186
40.730022;-73.95842
40.74514;-73.993599
40.745705;-73.98479
40.712784;-74.005943
40.723171;-73.997177
40.746273;-73.98825
40.74514;-73.993599
40.746773;-73.992882
40.757217;-73.96918
40.730022;-73.95842
40.756992;-73.989677
40.74633;-73.982597
40.730747;-74.000967
40.712784;-74.005943
40.71907;-73.985619
40.740337;-73.995186
40.681107;-73.975006
40.675362;-73.988724
40.77;-73.830002
40.71722;-74.043633
40.785194;-73.949341
40.949509;-73.833366
40.787952;-73.978188
40.785194;-73.949341
40.862411;-73.918007
40.731411;-73.996986
40.774731;-73.96537
40.757591;-74.002434
40.678371;-74.345428
40.546444;-74.359673
40.745895;-74.259911
40.652508;-74.347321
40.752556;-73.968246
40.750908;-73.97359
40.750565;-73.985107
40.74347;-73.93903
40.747919;-73.981883
40.752632;-73.973488
40.650398;-73.965309
40.647125;-74.004623
40.714924;-73.952835
40.650398;-73.965309
40.74654;-73.98597
40.618114;-73.932396
40.745625;-73.989845
40.758492;-73.98999
40.720306;-74.012032
40.768166;-73.969025
40.733856;-74.003075
41.028656;-73.764755
40.673468;-73.970509
40.673084;-73.969429
41.057148;-74.125671
40.692451;-73.990356
40.75185;-73.903572
40.745945;-73.914833
40.723251;-74.000519
40.785618;-73.725632
40.95742;-73.737961
40.720455;-73.952682
40.714352;-74.005974
40.824829;-73.808426
40.795319;-74.445465
41.027023;-73.758476
40.835705;-74.426888
40.795319;-74.445465
41.072422;-73.859802
40.888138;-74.026291
40.783264;-73.974709
40.720783;-73.562988
40.742851;-73.976685
40.747285;-73.912138
41.056145;-74.13694
40.876812;-74.08709
40.829021;-74.108215
40.626884;-74.312653
40.747168;-73.988385
40.729794;-74.00071
40.729794;-74.00071
40.764229;-73.983513
40.729794;-74.00071
40.729794;-74.00071
40.729794;-74.00071
40.681973;-73.960213
41.017063;-73.877724
40.729794;-74.00071
40.910004;-73.805664
40.812454;-74.218658
40.944851;-74.087532
40.90226;-73.976402
40.826187;-74.156502
40.934119;-74.070708
40.934119;-74.070708
40.922756;-73.874321
40.812588;-73.948158
40.7383;-73.998367
40.7383;-73.998367
40.773087;-73.91153
40.716389;-74.012932
40.746521;-73.989151
40.775688;-73.926064
40.728459;-73.999224
40.856689;-73.619751
40.749622;-73.887405
41.055149;-73.81778
40.856579;-73.619576
40.729458;-73.992149
40.738373;-73.981323
40.707909;-73.657768
40.978252;-74.083549
40.719635;-74.042641
40.717857;-73.985713
40.717857;-73.985713
40.920681;-73.861801
40.861546;-74.412453
40.740891;-73.998398
40.728798;-73.996216
40.72518;-73.99254
40.970913;-73.705215
40.721978;-73.959936
40.650352;-74.301178
40.739498;-74.00293
40.74815;-73.982971
40.781086;-73.98027
40.74815;-73.982971
40.74815;-73.982971
40.74815;-73.982971
40.74815;-73.982971
40.74815;-73.982971
40.74815;-73.982971
40.74815;-73.982971
40.74815;-73.982971
40.74815;-73.982971
40.74815;-73.982971
40.74815;-73.982971
40.74815;-73.982971
40.74815;-73.982971
40.781086;-73.98027
40.74815;-73.982971
40.74815;-73.982971
40.74789;-73.982895
40.74815;-73.982971
40.724121;-73.992391
40.862442;-74.424065
40.720291;-73.957222
41.023373;-73.718086
41.025589;-73.719048
40.665573;-73.989311
41.032562;-73.713242
40.755798;-73.557922
40.755798;-73.557922
40.747849;-73.987419
40.650828;-73.964798
40.79863;-73.939522
40.724442;-73.982834
40.709663;-74.087654
40.730827;-73.986786
40.750351;-73.984833
40.750351;-73.984833
40.750351;-73.984833
40.750351;-73.984833
40.750351;-73.984833
40.729496;-74.006973
40.804436;-73.95536
40.548771;-74.335091
40.738136;-74.001045
40.745972;-73.991699
40.747643;-73.993248
40.726387;-74.00779
40.722073;-73.981735
40.814587;-73.940926
40.782749;-73.952904
40.59536;-73.776543
40.627148;-74.30217
40.752853;-73.985962
40.7498;-73.98112
40.752853;-73.985962
40.752853;-73.985962
40.740017;-73.997795
40.748653;-73.948776
40.757202;-73.969162
40.752853;-73.985962
40.752853;-73.985962
40.752853;-73.985962
40.744682;-73.984871
40.752853;-73.985962
40.752853;-73.985962
40.752853;-73.985962
40.752853;-73.985962
41.009129;-73.660835
40.752853;-73.985962
40.752853;-73.985962
40.752853;-73.985962
40.847397;-73.997955
40.762806;-73.999931
40.702576;-73.91004
40.729496;-74.006973
40.907478;-74.030655
40.907478;-74.030655
40.90748;-74.030655
40.745969;-74.281313
40.638165;-74.387436
40.683342;-74.238548
40.535683;-74.341255
40.768448;-73.955864
40.763245;-73.984489
40.774971;-73.955471
40.720501;-73.996826
40.7617;-73.999626
40.749477;-73.978615
40.752605;-73.991821
40.756321;-73.921883
40.771156;-73.97969
40.720501;-73.996826
40.757202;-73.969162
40.761948;-73.988922
40.764229;-73.983513
40.720432;-73.99684
40.775408;-73.95855
40.70451;-73.987953
40.720501;-73.996826
40.682709;-73.995438
40.763077;-73.915306
40.720434;-73.996844
41.032768;-73.762901
40.985744;-73.82563
40.771206;-73.979652
41.032703;-73.762955
40.669167;-73.973465
40.738708;-74.005501
40.720432;-73.99684
40.75433;-74.031494
40.733543;-74.00325
40.725483;-73.986824
40.809002;-74.207619
40.836159;-74.449478
41.032703;-73.762955
41.032768;-73.762901
40.810848;-74.142639
40.836292;-74.449562
40.836243;-74.449409
40.889263;-74.02255
40.79884;-73.941673
40.719128;-73.984512
40.70715;-74.002106
40.748737;-73.989349
40.738216;-74.000404
40.73885;-73.98951
40.751774;-73.994576
40.636337;-74.112854
40.595089;-73.797058
40.650955;-74.397308
40.738907;-73.994019
40.731472;-74.003036
40.706886;-73.923363
40.738178;-73.982353
40.996693;-73.884506
40.744568;-73.99041
40.747688;-73.99115
40.542461;-74.371872
40.775856;-73.91507
40.768425;-73.983192
40.706818;-73.9236
40.823864;-74.15459
40.996693;-73.884506
40.750034;-73.98632
40.750034;-73.98632
40.741367;-73.993141
40.750034;-73.98632
40.715595;-73.604172
40.542221;-74.372879
40.719635;-74.042641
40.67691;-73.974167
40.76535;-74.019768
40.76535;-74.019768
40.735489;-73.571663
40.70261;-73.855456
40.75644;-73.947296
40.767647;-73.981949
40.673468;-73.970509
40.927498;-74.129448
40.701004;-74.312477
40.756569;-73.990273
40.699009;-73.996864
40.765888;-73.980705
40.772957;-73.920265
40.714352;-74.005974
40.760506;-73.975281
40.76054;-73.975319
40.76054;-73.975319
40.718426;-74.002502
40.74477;-73.989929
40.718426;-74.002502
40.618847;-73.908966
40.712784;-74.005943
40.7118;-73.979286
40.839653;-74.210228
40.718426;-74.002502
40.876062;-73.641214
40.78973;-73.95269
40.695545;-73.720685
40.753139;-73.87262
40.726387;-74.00779
40.747285;-73.912138
40.68;-73.529999
40.3912;-73.98846
40.708263;-74.403572
40.729;-74.27282
40.753483;-73.980873
40.734657;-73.99073
40.742958;-73.941925
40.645282;-74.104643
40.72998;-74.17485
40.722027;-73.958076
40.762466;-73.98156
40.67235;-73.96984
40.722027;-73.958076
40.681351;-73.95768
40.803417;-73.648483
40.83358;-74.1464
40.827118;-73.951881
40.853376;-73.937438
40.783062;-73.971252
40.784622;-73.969856
40.742481;-73.991814
40.755692;-73.955612
40.749706;-73.9916
40.71896;-74.002792
40.707962;-73.837162
40.86293;-74.384544
40.681618;-73.711464
40.71785;-73.976028
40.53545;-74.341156
40.53545;-74.341156
40.548088;-74.33432
40.53545;-74.341156
40.711586;-74.006683
40.711586;-74.006683
40.711586;-74.006683
40.711586;-74.006683
40.711586;-74.006683
40.711586;-74.006683
40.780106;-73.95546
40.738281;-73.991676
40.756321;-73.921883
40.711586;-74.006683
40.711586;-74.006683
40.711586;-74.006683
40.711586;-74.006683
40.711586;-74.006683
40.711586;-74.006683
40.711586;-74.006683
40.711586;-74.006683
40.711586;-74.006683
40.711586;-74.006683
40.711586;-74.006683
40.74905;-73.982024
40.731228;-73.989929
40.706825;-74.013031
40.706825;-74.013031
40.711586;-74.006683
40.711586;-74.006683
40.711586;-74.006683
40.711586;-74.006683
40.706825;-74.013031
40.706825;-74.013031
40.706825;-74.013031
40.910263;-74.40854
40.785103;-73.661774
40.785473;-73.977501
40.784756;-73.977173
40.783145;-73.979065
40.930355;-73.836372
40.75613;-73.772804
40.744667;-73.984863
41.05397;-73.794151
41.038071;-73.807266
40.642212;-74.075119
40.53545;-74.341156
40.750351;-73.984833
40.69831;-73.99136
40.659184;-74.004272
40.694279;-74.000633
40.807213;-73.937889
40.787022;-73.978127
40.748878;-73.990578
40.723171;-73.997177
40.764271;-73.983246
40.73122;-73.989044
40.844785;-73.979823
40.53545;-74.341156
40.747654;-73.997154
40.741062;-73.9897
40.747404;-73.984153
40.71804;-74.00299
40.775906;-73.920029
40.736903;-74.027822
40.735497;-73.975235
40.749748;-74.003738
40.658077;-73.99485
40.802299;-73.968346
40.751587;-73.834747
40.715065;-73.960701
40.715848;-73.999342
40.874863;-74.012146
40.748978;-73.987267
40.742377;-73.989463
40.748978;-73.987267
40.753044;-73.992393
40.678886;-73.986839
40.758896;-73.98513
40.753647;-73.991936
40.74453;-73.995926
40.720139;-74.044838
40.734543;-74.163834
40.7118;-73.957161
40.727196;-73.989365
40.794205;-73.962845
40.798801;-73.962852
40.738144;-74.001068
40.713215;-74.015244
40.791641;-73.815514
40.782978;-73.958969
40.715848;-73.999342
40.823242;-73.955795
40.757698;-73.969398
40.713982;-74.014565
40.712703;-74.011654
40.777309;-73.98008
40.732979;-74.003426
40.705261;-73.930901
40.713982;-74.014565
40.668724;-73.980026
40.713982;-74.014565
40.893925;-73.822365
40.8619;-73.826897
40.668098;-73.756599
40.712784;-74.005943
41.087315;-73.91922
40.681351;-73.95768
40.712784;-74.005943
40.65724;-73.64738
40.650828;-73.964798
40.745972;-73.991699
40.687832;-73.981087
40.732132;-74.001404
40.692722;-73.988441
40.784611;-73.969826
40.813438;-73.94519
40.726111;-73.950833
40.650828;-73.964798
40.788586;-73.955162
40.749683;-73.987717
40.749683;-73.987717
40.749683;-73.987717
40.813591;-73.963806
40.753017;-73.992424
40.624321;-74.02475
40.755268;-73.990433
40.753017;-73.992424
40.753017;-73.992424
40.712784;-74.005943
40.759472;-73.966156
40.753017;-73.992424
40.724747;-73.996223
40.83248;-73.942635
40.828785;-74.140373
40.744541;-73.987198
40.760314;-73.829869
40.724419;-73.990278
40.683723;-73.953789
40.736122;-73.987427
40.718994;-73.997734
40.718994;-73.997734
40.718994;-73.997734
40.736122;-73.987427
40.736122;-73.987427
40.718994;-73.997734
40.718994;-73.997734
40.736107;-73.987541
40.718994;-73.997734
40.742031;-74.005646
40.718994;-73.997734
40.729379;-74.034556
40.718994;-73.997734
40.718994;-73.997734
40.718994;-73.997734
40.718994;-73.997734
40.856293;-74.043442
40.734127;-73.991669
41.091202;-73.919548
40.671558;-73.962589
40.665695;-73.988792
40.53545;-74.341156
40.53545;-74.341156
40.655392;-74.438637
40.748207;-73.991211
40.755306;-73.988625
40.748207;-73.991211
40.748207;-73.991211
40.753963;-73.992928
40.748207;-73.991211
40.748207;-73.991211
40.748207;-73.991211
40.748207;-73.991211
40.73011;-73.956642
40.748207;-73.991211
40.651234;-74.010643
40.694771;-73.998871
41.021423;-73.745842
40.732731;-73.990036
40.947624;-73.693108
40.77536;-73.781517
40.742103;-73.998364
40.738216;-74.000404
40.75235;-73.994484
40.682762;-73.995544
40.802395;-74.36985
40.751876;-73.96741
40.753086;-73.967812
40.76104;-73.987015
40.751876;-73.96741
40.755211;-73.988396
40.751876;-73.96741
40.751876;-73.96741
40.753086;-73.967812
40.753086;-73.967812
40.753086;-73.967812
40.76104;-73.987015
40.753086;-73.967812
40.75256;-73.967484
40.708195;-74.006485
40.663792;-73.995468
41.059002;-74.02211
41.076397;-73.858856
41.0765;-73.858826
40.708115;-73.957069
40.846527;-73.985107
40.74419;-73.983208
40.74419;-73.983208
40.860916;-74.372421
40.743847;-73.984032
40.741158;-73.993234
40.742889;-73.992805
40.774731;-73.96537
40.75;-73.989998
40.765068;-73.996017
40.857983;-74.351952
40.701004;-74.312477
40.664547;-74.264313
40.772957;-73.920265
40.729122;-74.011215
41.02;-73.809998
41.036492;-73.780175
40.695545;-73.720685
40.602661;-74.057777
40.676025;-74.341164
40.606389;-74.045556
40.770706;-74.4599
40.752281;-73.977516
40.748646;-73.948776
40.681351;-73.95768
40.7224;-73.991645
40.782001;-73.832703
40.783062;-73.971252
40.847012;-73.832306
40.813831;-73.930664
40.885735;-73.977898
40.800644;-73.958435
40.714352;-74.005974
40.743229;-73.951286
40.724522;-73.997154
40.724522;-73.997154
40.738281;-73.991676
40.72377;-73.992393
40.729496;-74.006973
40.724522;-73.997154
40.77177;-73.974838
40.761158;-73.983223
40.77343;-73.983673
40.890373;-73.90506
40.888088;-74.026237
40.840725;-73.939438
41.002064;-73.732162
41.039101;-73.866997
40.755306;-73.988625
40.721409;-74.332115
40.715977;-73.962563
40.673748;-73.990288
40.852083;-74.229413
40.805264;-73.966232
40.775423;-73.602315
40.652939;-74.002159
40.726387;-74.00779
40.734089;-73.990562
40.50979;-74.272001
40.779415;-73.982941
40.757229;-73.983841
40.67387;-73.970146
40.727398;-74.000198
40.715034;-74.011316
40.712784;-74.005943
40.616886;-74.010963
40.873379;-74.297577
40.782001;-73.833504
40.782001;-73.833504
40.949509;-73.833366
40.394838;-74.022083
40.72472;-73.981209
40.79612;-73.967094
41.083088;-74.141846
41.083088;-74.141846
40.713631;-74.004204
40.713421;-74.005592
40.76543;-73.976196
40.738014;-74.001114
40.774517;-73.943726
40.750122;-73.971748
40.737328;-73.991104
40.732937;-73.98394
40.761524;-73.97339
40.772076;-73.920624
40.704254;-73.934174
40.73;-74.050003
40.704254;-73.934174
40.673042;-73.983833
40.839939;-73.843597
40.726677;-73.775085
40.640633;-74.03449
40.668224;-73.973824
40.739506;-74.002937
40.792923;-73.970749
40.792923;-73.970749
40.761887;-73.919167
40.758371;-73.983967
40.683037;-73.940628
40.705734;-74.007484
40.762051;-73.988846
40.930515;-73.80717
40.81128;-74.219345
40.916893;-74.05735
40.737381;-73.823715
40.656471;-73.645103
40.650828;-73.964798
40.807465;-74.106903
40.748348;-73.956787
40.764468;-73.983558
40.744087;-74.001991
40.775845;-73.96648
40.749866;-73.98535
40.74399;-73.95034
40.755238;-73.990364
40.753956;-73.989578
40.748646;-73.948776
40.673779;-73.962814
40.795319;-73.966133
40.758026;-73.588196
40.775036;-74.186211
40.747772;-73.993362
40.7257;-73.99168
40.785473;-73.977501
40.756599;-73.988312
40.746498;-74.009445
40.738922;-73.98082
40.729759;-73.98867
40.541672;-74.361046
40.714352;-74.005974
40.764196;-73.983058
40.921825;-73.764488
40.724083;-73.982254
41.095791;-73.999718
40.733528;-73.989868
40.628147;-73.999275
40.824829;-73.808426
40.824829;-73.808426
40.782786;-73.980187
40.782787;-73.980186
40.747643;-73.993248
40.748936;-73.986435
40.725346;-73.993431
40.732353;-73.9897
40.76713;-73.981679
40.720406;-73.987953
40.728459;-73.999224
40.731941;-73.997696
40.661709;-73.537979
40.873299;-74.040344
41.011513;-73.916527
40.712784;-74.005943
40.926895;-74.060921
40.742554;-74.006081
40.819504;-73.926941
40.752995;-73.992409
40.733856;-74.003075
40.771412;-73.988167
40.763702;-73.981697
40.738144;-74.001068
40.76403;-73.981903
40.76403;-73.981903
40.755791;-73.921211
41.090652;-73.917915
40.718105;-73.84485
40.76403;-73.981903
40.76403;-73.981903
40.747772;-73.987411
40.76403;-73.981903
40.746292;-73.989639
40.76403;-73.981903
40.69413;-73.930656
40.782001;-73.833504
40.765808;-73.833084
40.748978;-73.987267
40.750416;-73.987167
40.750416;-73.987167
40.74538;-73.989502
40.748978;-73.987267
40.750416;-73.987167
40.750416;-73.987167
40.74514;-73.993599
40.74538;-73.989502
40.729031;-73.986649
40.750416;-73.987167
40.750416;-73.987167
40.750416;-73.987167
40.744839;-73.983208
40.750416;-73.987167
40.757809;-73.98555
40.752563;-73.987022
40.750416;-73.987167
40.750278;-73.994835
40.750416;-73.987167
40.750416;-73.987167
40.747919;-73.981883
40.750416;-73.987167
40.722576;-73.986244
40.724686;-73.954819
40.713664;-74.04005
40.74538;-73.989502
41.059925;-73.957153
40.404671;-74.109894
40.651605;-74.304308
40.757282;-73.994194
40.753193;-73.991264
40.764065;-73.992248
40.750473;-73.980255
40.744228;-73.994507
40.747688;-73.988983
40.769756;-73.957939
40.725075;-73.975975
40.746414;-73.95154
40.737694;-73.986702
40.74128;-73.95639
40.723015;-73.982285
41.03043;-74.09848
40.716389;-74.012932
40.729729;-73.998896
40.727242;-73.992355
40.751312;-74.00676
40.941971;-73.835442
40.780785;-73.775417
40.747131;-73.647644
40.739971;-73.613579
40.677509;-73.539307
40.72998;-74.17485
40.746773;-73.992882
40.723942;-73.992393
40.750912;-73.84314
40.800358;-73.701752
40.971157;-74.088081
40.809116;-74.207458
40.77;-73.519997
40.747643;-73.993248
40.747643;-73.993248
40.733528;-73.989868
40.983589;-74.100471
40.712784;-74.005943
40.787224;-73.973251
40.869915;-73.920898
40.869915;-73.920898
40.869915;-73.920898
40.723942;-73.992393
40.758896;-73.98513
40.673;-73.969635
40.72168;-73.84696
40.996052;-73.818176
40.904835;-74.416702
40.868179;-74.199196
40.757805;-73.983154
40.752705;-73.993477
40.72286;-73.96136
40.723595;-73.991081
40.778793;-73.982063
40.757923;-73.986443
40.74254;-73.99455
40.685135;-73.973511
40.722851;-73.989174
40.987793;-73.808327
40.958736;-74.071823
40.860989;-74.197647
40.750351;-73.984833
40.750351;-73.984833
40.686192;-74.269081
40.721325;-73.994278
40.753574;-73.976379
40.739628;-73.988403
40.753223;-73.992714
40.745735;-73.982697
40.752865;-74.000664
40.752579;-73.9879
40.764217;-73.998131
40.768784;-73.983147
40.763565;-73.915568
40.721325;-73.994278
40.759727;-73.985207
40.70578;-74.013969
40.721325;-73.994278
40.742973;-73.989273
41.094646;-74.005318
41.028469;-73.764801
40.712132;-74.165718
40.757809;-73.98555
40.857475;-74.412621
40.776905;-73.980064
40.752571;-73.98703
40.75528;-73.981728
40.753067;-73.999458
40.757206;-73.96917
40.765633;-73.957916
40.73967;-73.992477
40.745182;-73.992577
40.71751;-73.990921
40.744148;-73.990479
40.691147;-73.980797
40.706837;-73.921738
40.733528;-73.989868
40.79641;-74.313889
40.885647;-74.239906
40.792887;-74.256582
40.75613;-73.772804
40.71722;-74.043633
40.533134;-74.333115
40.739185;-73.98275
40.748043;-73.999092
40.73827;-73.998405
40.756844;-73.967953
40.781013;-73.97995
40.754719;-73.993896
40.659626;-73.987862
40.74847;-73.986877
40.725983;-74.00917
40.765549;-73.991562
40.682247;-73.97988
40.708725;-74.014954
40.712784;-74.005943
40.773842;-73.971802
40.730335;-73.995583
40.746326;-73.986504
40.775856;-73.91507
40.702751;-73.987099
40.704254;-73.934174
40.734241;-73.999084
40.673468;-73.970509
40.733528;-73.989868
41.002132;-74.045738
40.781113;-73.977821
41.002018;-74.040062
40.956928;-74.069809
40.748978;-73.987267
40.748978;-73.987267
40.736526;-73.990791
40.733047;-73.993347
40.772404;-73.904877
40.706837;-73.921738
40.923382;-73.937355
40.89753;-74.096634
40.80265;-74.169785
40.749428;-73.980026
40.781113;-73.977821
40.978252;-74.083549
40.782001;-73.833504
40.706104;-73.912819
40.70612;-73.912926
40.781078;-73.977707
40.752819;-73.981369
40.768681;-74.01886
40.538448;-74.149193
40.76445;-73.983109
40.706017;-73.569832
40.905235;-74.064041
40.714447;-74.012154
40.870419;-74.182037
40.81469;-73.934547
40.661713;-73.537964
40.762718;-73.99733
40.76041;-73.987457
40.728806;-73.98126
40.728806;-73.98126
40.692795;-73.986176
40.764175;-73.983376
40.774734;-73.965385
40.740234;-73.991035
40.748978;-73.987267
40.760387;-73.98568
40.748978;-73.987267
40.748932;-73.979233
40.744839;-73.988274
40.653008;-74.32717
40.756992;-73.989677
40.765533;-73.979309
40.755692;-73.955612
40.760506;-73.975281
40.744892;-73.993553
40.76054;-73.975319
40.75219;-73.993462
40.746107;-74.024137
40.74789;-73.982895
40.753246;-73.988464
40.714035;-73.958115
40.771118;-73.980087
40.760506;-73.975281
40.774361;-73.983948
40.736107;-73.991241
40.735138;-73.988243
40.655735;-73.99926
40.714035;-73.958115
40.63406;-73.966499
40.78812;-73.780983
40.78791;-73.790291
40.783062;-73.971252
40.75613;-73.772804
40.727219;-74.000099
40.723171;-73.997177
40.752853;-73.985962
40.752853;-73.985962
40.752853;-73.985962
40.752853;-73.985962
40.708591;-74.014923
40.750023;-73.991241
40.746273;-73.98825
40.755188;-73.92504
40.752056;-73.979836
40.740406;-73.987495
40.737297;-73.992188
40.752853;-73.985962
40.749905;-73.991043
40.708591;-74.014923
40.708591;-74.014923
40.708591;-74.014923
40.708591;-74.014923
40.7294;-74.00609
40.737297;-73.992188
40.730019;-73.995026
40.745735;-73.982697
40.737297;-73.992188
40.737297;-73.992188
40.745087;-74.170364
40.926041;-74.050298
40.704006;-73.798431
40.773746;-73.533134
40.737667;-73.99292
40.754353;-73.992096
40.736866;-73.991264
40.762252;-73.972365
40.783062;-73.971252
40.540737;-74.360672
40.541573;-74.360435
40.747936;-73.981888
40.77116;-73.97966
40.764126;-73.92961
40.77116;-73.97966
40.7763;-73.952457
40.747334;-73.987251
40.756954;-73.980721
40.758371;-73.983967
40.757931;-73.986069
40.771118;-73.980087
40.771156;-73.97969
40.750488;-73.976402
40.743984;-73.950249
40.718895;-73.996033
40.72332;-74.0037
40.716389;-74.012932
40.679615;-73.984535
40.719849;-74.082191
40.733856;-74.003075
40.77116;-73.97966
41.063622;-73.76696
40.8619;-73.826897
40.9566;-74.222649
40.816488;-74.220472
41.007957;-73.753418
40.800365;-74.460945
40.950253;-74.088074
40.950253;-74.088074
40.814261;-73.948182
40.618484;-74.131706
40.651905;-74.349106
40.722324;-73.959259
40.980427;-74.114925
40.827785;-74.145386
40.780918;-73.718346
40.738136;-74.001045
40.764468;-73.983558
40.728631;-74.0001
40.868565;-73.91687
40.978252;-74.083549
40.707909;-73.657768
40.747334;-73.987251
40.737423;-74.043068
40.405197;-74.127815
40.941185;-74.141647
40.72171;-73.950623
40.639484;-74.385818
40.780777;-73.954834
40.748474;-73.986877
40.782001;-73.833504
40.705441;-74.012886
40.705441;-74.012886
40.705441;-74.012886
40.705441;-74.012886
40.705441;-74.012886
40.736416;-73.984421
40.66;-74.010002
40.743805;-74.008636
40.760811;-74.01825
40.730132;-73.991773
40.757849;-73.984994
40.750351;-73.984833
40.750351;-73.984833
40.750351;-73.984833
40.519291;-74.340561
40.756447;-73.992493
40.759998;-73.989998
40.744854;-73.99012
40.756901;-73.990028
40.751453;-74.004318
40.737278;-73.995842
40.74789;-73.982895
40.750801;-73.981575
40.751453;-74.004318
40.751453;-74.004318
40.705204;-74.013168
40.749603;-73.983017
40.69392;-73.98468
40.751453;-74.004318
40.721876;-73.957676
40.723034;-73.993401
40.721958;-73.957809
40.823471;-73.811295
40.835709;-74.149109
40.892952;-74.271355
40.717472;-74.3573
40.759495;-73.966141
40.759155;-73.96955
40.704727;-74.010643
40.746273;-73.98825
40.751358;-73.978958
40.740314;-73.995064
40.748978;-73.987267
40.723171;-73.997177
40.742069;-73.974335
40.700424;-73.98748
40.712784;-74.005943
40.729492;-73.99884
40.713444;-74.015274
40.74166;-73.986855
40.74509;-73.983131
40.700359;-73.987358
40.705284;-74.014267
40.713444;-74.015274
41.081024;-74.058418
40.733459;-74.003403
40.785194;-73.949341
40.871487;-74.062012
40.715729;-74.306046
40.71592;-74.30614
40.756943;-73.988785
40.760895;-73.977364
40.743954;-73.994591
40.770294;-73.982407
40.743561;-73.988113
40.723015;-73.982285
40.760895;-73.977364
40.739674;-73.994041
40.770294;-73.982407
40.760895;-73.977364
40.722702;-74.00316
40.75687;-73.96801
40.747967;-73.981873
40.742958;-73.941925
40.716949;-73.949959
41.092907;-74.012955
40.79361;-73.689438
40.716389;-74.012932
40.717922;-74.036873
40.707794;-73.944756
40.721615;-73.97477
40.835705;-74.426888
41.007961;-73.753418
40.78698;-73.973335
40.661713;-73.537964
40.829021;-74.108215
40.876812;-74.08709
40.554775;-74.301186
40.977993;-74.112343
40.725399;-74.068771
40.90226;-73.976402
40.71489;-73.941605
40.720406;-73.987953
40.71489;-73.941605
40.707909;-73.657768
40.712784;-74.005943
40.978252;-74.083549
40.724682;-73.997086
40.650352;-74.301178
40.724121;-73.992391
40.796928;-74.340569
40.748447;-73.98349
40.68808;-73.958267
40.736897;-74.026711
40.736903;-74.027822
40.746444;-73.595481
40.747643;-73.993248
40.656696;-73.647514
40.754524;-73.987366
40.744156;-73.988388
40.744156;-73.988388
40.744156;-73.988388
40.744156;-73.988388
40.754524;-73.987366
40.744156;-73.988388
40.744156;-73.988388
40.744156;-73.988388
40.744156;-73.988388
40.744156;-73.988388
40.744156;-73.988388
40.754524;-73.987366
40.754524;-73.987366
40.744156;-73.988388
40.743805;-74.008636
41.098488;-73.949287
40.744156;-73.988388
40.743904;-73.98819
40.681396;-73.965103
40.744156;-73.988388
40.744156;-73.988388
40.817181;-73.934448
40.817181;-73.934448
40.740017;-73.997795
40.738029;-74.001183
40.655735;-73.99926
40.95742;-73.737961
40.734985;-73.987709
40.847397;-73.997955
40.535683;-74.341255
40.43689;-74.203926
40.75312;-73.992462
40.72221;-73.983025
40.744595;-73.998306
40.740757;-73.949562
40.746899;-73.984329
40.733543;-74.00325
40.809002;-74.207619
41.096996;-73.861626
40.802925;-73.934753
40.94551;-73.882785
40.751839;-73.99131
40.849998;-73.540001
40.945457;-74.140388
40.888138;-74.026291
40.950626;-74.031868
40.905052;-74.029701
40.713543;-73.934174
40.744236;-74.002594
40.767647;-73.981949
40.673468;-73.970509
41.018024;-73.921455
40.701004;-74.312477
41.088154;-73.919235
41.088154;-73.919235
40.806576;-73.941154
40.695545;-73.720685
40.726025;-73.996178
40.726166;-73.996025
40.726025;-73.996178
40.726025;-73.996178
40.889515;-73.89809
40.751057;-73.975076
40.74361;-74.307899
40.650032;-74.348358
40.66;-74.010002
40.712784;-74.005943
40.782604;-74.217354
40.784622;-73.969856
40.86459;-73.89473
40.741402;-73.590935
40.86293;-74.384544
40.67207;-73.964516
40.813702;-73.931396
40.71785;-73.976028
40.676025;-74.341164
40.714352;-74.005974
40.777889;-73.95179
40.726025;-73.996178
40.726025;-73.996178
40.680099;-73.895958
40.764271;-73.983246
40.726166;-73.996025
40.726025;-73.996178
40.72686;-73.979912
40.75613;-73.772804
40.761239;-73.97312
40.761239;-73.97312
40.761239;-73.97312
40.761239;-73.97312
40.779999;-73.910004
40.761239;-73.97312
40.69831;-73.99136
40.692169;-73.963036
40.724155;-73.973511
40.875336;-73.851837
40.74868;-74.044693
40.698368;-73.975029
40.747404;-73.984153
40.71804;-74.00299
40.707245;-73.933571
40.95491;-73.819176
40.861961;-74.155396
40.82196;-73.950294
40.857109;-73.9356
40.861961;-74.155396
40.768314;-73.962791
40.715065;-73.960701
40.53545;-74.341156
40.759079;-73.973618
40.747883;-73.998711
40.761239;-73.97312
40.71526;-74.046989
40.744492;-73.975235
40.761524;-73.97339
40.75487;-73.93938
40.761239;-73.97312
40.683;-74.3724
40.67495;-73.976021
40.640594;-74.38425
40.621892;-74.310321
40.744091;-73.994873
40.744091;-73.994873
40.755791;-73.921211
40.750278;-73.994835
40.672188;-73.983337
40.761524;-73.97339
40.761239;-73.97312
40.761239;-73.97312
40.761239;-73.97312
40.712784;-74.005943
40.679943;-73.945992
40.650828;-73.964798
40.591019;-73.89061
40.591019;-73.89061
40.732132;-74.001404
40.726111;-73.950833
40.722832;-73.948639
40.750019;-73.977409
40.74299;-73.98365
40.793766;-73.972763
40.792187;-73.968018
40.747964;-73.993765
40.710964;-74.009674
40.712784;-74.005943
40.712784;-74.005943
40.75791;-73.980125
40.736687;-74.0422
40.832813;-73.92028
40.754089;-73.992081
40.723732;-73.993126
40.723732;-73.993126
40.723732;-73.993126
40.723732;-73.993126
40.771249;-73.981834
40.771249;-73.981834
40.771343;-73.982712
40.771249;-73.981834
40.771343;-73.982712
40.637108;-73.658775
40.76564;-73.918823
40.734581;-73.99202
40.806644;-74.104454
40.860916;-74.372421
40.735703;-74.028183
40.714352;-74.005974
40.776569;-74.01049
40.695545;-73.720685
40.894035;-73.89638
40.743656;-74.285561
40.72933;-73.998634
40.707489;-74.011276
40.724506;-74.109482
40.90453;-74.101234
40.761158;-73.983223
40.720837;-74.039108
40.815956;-74.216797
41.023743;-73.95047
40.756916;-73.96798
40.754453;-73.968428
40.741741;-74.055351
40.608372;-73.958008
40.725327;-73.999847
40.75177;-73.972198
40.671974;-74.011459
41.023033;-73.731613
40.715034;-74.011316
40.682667;-73.995361
40.758371;-73.983967
40.75;-73.989998
40.724018;-73.992889
40.729012;-73.989288
40.994556;-73.882393
40.673042;-73.983833
40.814285;-74.220116
40.751591;-74.004433
40.906898;-74.408249
40.759193;-73.976257
40.930515;-73.80717
40.643074;-73.968277
40.759193;-73.976257
40.72377;-73.992393
40.73582;-73.99418
40.762707;-73.985168
40.81155;-73.94648
40.827778;-73.924545
40.737381;-73.823715
40.742069;-74.170547
40.889999;-74.050003
40.784611;-73.969826
40.74399;-73.95034
40.677563;-73.984108
40.809002;-74.207619
40.783604;-73.974281
40.785473;-73.977501
40.763176;-73.984748
40.759659;-74.416458
40.756321;-73.971405
40.736027;-74.000542
40.6145;-74.2281
40.653687;-73.62912
40.785473;-73.977501
40.753557;-73.991847
40.712784;-74.005943
40.783749;-73.974464
40.782787;-73.980186
40.720406;-73.987953
40.72628;-73.980331
40.779167;-73.962929
40.735035;-73.84581
41.033646;-73.784409
40.762718;-73.99733
40.733856;-74.003075
40.713348;-74.01165
40.749447;-73.977852
40.749447;-73.977852
40.76403;-73.981903
40.76403;-73.981903
40.749447;-73.977852
40.771118;-73.980087
40.76403;-73.981903
40.747772;-73.987411
40.756733;-73.9897
40.740765;-74.007439
40.744213;-73.990448
40.76403;-73.981903
40.733955;-74.00296
40.782001;-73.833504
40.74166;-73.986855
40.745579;-74.007698
40.775314;-73.958641
40.726387;-74.00779
40.757809;-73.98555
40.713718;-74.008034
40.806712;-73.95906
40.757992;-73.984283
40.764065;-73.992248
40.754436;-73.96843
40.75687;-73.96801
40.719128;-73.961739
40.75687;-73.96801
40.744396;-74.172142
40.708881;-74.011429
40.744728;-74.028683
40.978504;-74.118286
40.751312;-74.00676
40.725998;-73.994179
40.713825;-73.829041
40.716389;-74.012932
40.81128;-74.219345
40.907825;-73.832314
40.651605;-74.304308
40.741635;-73.978159
40.62074;-74.032192
40.892876;-73.972641
40.77258;-73.98325
40.782234;-73.980469
40.75;-73.989998
40.673;-73.969635
40.72168;-73.84696
40.785233;-74.424706
40.714804;-74.366421
40.827618;-74.287262
40.644753;-74.273964
40.757923;-73.986443
40.76067;-73.972549
40.592274;-74.162529
40.720722;-73.98941
40.545498;-74.335922
40.750351;-73.984833
40.767849;-73.92347
40.737026;-73.987785
40.795425;-74.194389
40.743134;-74.36203
40.731739;-74.18586
40.753086;-73.967812
40.753086;-73.967812
40.751876;-73.96741
40.721325;-73.994278
40.754707;-73.986351
40.740002;-73.989998
40.76136;-73.969337
40.756153;-73.967239
40.752388;-73.983635
40.759727;-73.985207
40.753086;-73.967812
40.751876;-73.96741
40.728828;-73.998282
40.746777;-73.972229
40.729313;-74.005753
40.753548;-73.985046
40.753548;-73.985046
40.753548;-73.985046
40.721325;-73.994278
40.75668;-73.989647
40.788002;-73.72757
40.723282;-73.985214
40.71991;-74.043312
41.094646;-74.005318
40.866371;-74.158638
40.73458;-73.999146
40.751328;-73.973579
40.722836;-74.0037
40.759544;-73.978371
40.716267;-74.012413
40.73521;-73.991692
40.729839;-74.004585
40.709904;-73.96283
40.72142;-73.95677
40.712784;-74.005943
40.721741;-73.988106
40.668865;-73.951027
40.708767;-74.006729
40.865021;-74.346069
40.958736;-74.071823
40.75613;-73.772804
40.740639;-73.996361
40.5481;-74.334877
41.091251;-73.919762
40.744682;-73.984871
40.757549;-73.987122
40.780811;-73.976334
40.742451;-73.982796
40.746498;-74.009445
40.773842;-73.971802
40.747948;-73.991638
40.682137;-73.9795
40.707397;-73.921814
40.775143;-73.951302
40.710964;-74.009674
40.781113;-73.977821
40.704254;-73.934174
40.675735;-73.956299
40.725834;-74.009407
40.687088;-73.99131
40.978645;-74.115547
40.927326;-74.245399
40.927326;-74.245399
40.598984;-74.272705
41.089306;-73.919022
40.779877;-73.95919
40.736229;-73.875664
40.957436;-74.069122
40.663029;-73.719688
40.978252;-74.083549
40.768681;-74.01886
40.538448;-74.149193
40.76445;-73.983109
40.905235;-74.064041
40.81469;-73.934547
40.562801;-74.327003
40.782001;-73.833504
40.75174;-73.97834
40.651234;-74.010643
40.712784;-74.005943
40.762718;-73.99733
40.72282;-74.003769
40.76041;-73.987457
40.711311;-74.084869
40.671886;-74.220779
40.754272;-73.98126
40.74012;-73.995506
40.723244;-74.006424
40.708591;-74.014923
40.745033;-73.983749
40.764492;-73.979187
40.708591;-74.014923
40.708591;-74.014923
40.677292;-73.972954
40.722782;-73.998672
40.74789;-73.982895
40.677292;-73.972954
40.75523;-73.988827
40.75;-73.99
40.741962;-74.004913
40.743462;-73.989113
40.721024;-74.039948
40.732811;-73.987846
40.782001;-73.833504
40.75613;-73.772804
40.811199;-73.963959
40.716267;-74.012413
40.760536;-73.975349
40.75256;-73.967484
40.729313;-74.005753
40.752949;-73.984253
40.74844;-73.985664
40.752853;-73.985962
40.752853;-73.985962
40.752853;-73.985962
40.752853;-73.985962
40.752853;-73.985962
40.719933;-73.987274
40.747772;-73.993362
40.742134;-73.91771
40.746273;-73.98825
40.757904;-73.962997
40.776062;-73.980034
40.743439;-73.988184
40.75256;-73.967484
40.752853;-73.985962
40.752853;-73.985962
40.745071;-73.99263
40.780647;-73.986504
40.757904;-73.962997
40.757904;-73.962997
40.741608;-73.990974
40.707836;-74.013123
40.815384;-73.943253
40.752056;-73.979836
40.752056;-73.979836
40.739841;-73.990005
40.741623;-73.99099
40.741924;-74.002983
40.770844;-73.980614
40.747334;-73.987251
40.749439;-73.977852
40.775795;-73.982643
40.714352;-74.005974
40.705441;-74.012886
40.728806;-73.98126
40.723381;-74.005424
40.734631;-73.988091
40.750488;-73.976402
40.714352;-74.005974
40.733955;-74.00296
40.748661;-74.041077
40.74542;-73.602264
40.725464;-73.993393
40.88512;-74.177139
40.905582;-74.064423
40.65553;-74.30544
40.753557;-73.991847
40.744965;-73.988548
40.744076;-74.004601
41.055149;-73.81778
40.978252;-74.083549
40.707909;-73.657768
40.737423;-74.043068
40.760586;-73.982872
40.72171;-73.950623
40.782001;-73.833504
40.918118;-74.076363
40.706825;-74.013031
40.706825;-74.013031
40.706825;-74.013031
40.81789;-73.90403
40.73819;-73.985565
40.958736;-74.071823
40.737675;-73.992928
40.723621;-74.004501
40.733562;-74.003204
40.733566;-74.003204
40.75034;-73.978455
40.757156;-73.987396
40.753834;-74.001534
40.74139;-73.937813
40.738144;-74.001068
40.725018;-73.99703
40.722122;-73.843056
40.705284;-74.014267
40.791767;-74.382927
40.782001;-73.833504
40.766247;-74.419548
40.758103;-74.415823
40.753181;-73.982254
40.746273;-73.98825
40.759914;-73.99115
40.759914;-73.99115
40.754841;-73.984123
40.768044;-73.969788
40.679554;-73.944908
40.759304;-73.990044
40.752102;-73.983505
40.703064;-73.990463
40.734657;-74.172127
40.733009;-73.989716
40.723171;-73.997177
40.836067;-73.62195
40.787952;-73.978188
40.825615;-74.1381
40.775471;-73.958366
40.542423;-74.362
40.759998;-73.991417
40.753437;-73.991005
41.105877;-73.916801
40.752605;-73.991821
40.745426;-73.989487
40.714352;-74.005974
40.91393;-73.77782
40.713131;-74.015411
40.726982;-73.989059
40.735458;-73.9935
40.659046;-73.950676
40.719719;-73.988754
40.706184;-73.968124
40.795319;-74.445465
40.926895;-74.060921
40.753044;-73.992393
40.755306;-73.988625
40.752728;-73.974083
40.829021;-74.108215
40.713432;-73.94146
40.636894;-74.076805
41.076641;-73.858772
40.68754;-74.00149
40.720406;-73.987953
40.835705;-74.426888
40.707909;-73.657768
40.698818;-73.97242
40.724121;-73.992391
40.746925;-73.971237
40.74789;-73.982895
40.75778;-74.002594
40.809566;-73.959259
40.750351;-73.984833
40.750351;-73.984833
40.750351;-73.984833
40.750351;-73.984833
40.749588;-73.998901
40.753628;-73.991318
40.741783;-73.982407
40.752853;-73.985962
41.027924;-73.806473
40.944542;-74.075417
40.806759;-73.945847
40.763424;-73.928429
40.761158;-73.983223
40.751876;-73.96741
40.83453;-73.938866
40.535683;-74.341255
40.747936;-73.98189
40.73333;-73.958038
40.73518;-73.993187
40.731709;-74.001541
40.686345;-73.973485
40.729153;-74.06498
40.669167;-73.973465
40.981735;-74.113922
40.86089;-74.31947
40.889263;-74.02255
40.791641;-73.944799
40.708157;-73.682121
40.649715;-73.628639
40.775742;-73.981339
40.972343;-74.080345
40.840965;-73.895012
40.783289;-73.952785
40.7579;-73.920158
40.840965;-73.895012
41.32249;-73.9764
40.618847;-73.908966
40.75644;-73.947296
40.767647;-73.981949
40.740009;-73.992996
41.032569;-73.801653
40.598276;-73.820874
40.739841;-74.289734
40.745766;-74.225883
40.751663;-73.976578
40.729927;-74.005302
40.766228;-74.019043
40.824055;-74.194679
40.809666;-74.104416
40.86293;-74.384544
40.712784;-74.005943
40.53545;-74.341156
40.53545;-74.341156
40.750404;-73.984756
40.779167;-73.962929
40.764271;-73.983246
40.75613;-73.772804
40.782864;-73.965355
40.782379;-73.965858
40.758408;-73.985517
40.758408;-73.985517
40.758617;-73.986221
40.758408;-73.985517
40.758408;-73.985517
40.747639;-73.997398
40.743382;-73.991295
40.758617;-73.986221
40.758408;-73.985517
40.758408;-73.985517
40.7537;-73.99305
40.69831;-73.99136
40.758606;-73.986069
40.809734;-73.944145
40.714352;-74.005974
40.734375;-73.99472
40.720032;-74.043327
40.747404;-73.984153
40.740627;-73.987419
40.747791;-73.996559
40.720631;-73.984543
40.729977;-73.998528
40.71804;-74.00299
40.728661;-73.992554
40.727118;-73.994756
40.815514;-74.21888
40.751587;-73.834747
40.741249;-73.987526
40.767345;-73.983704
40.744137;-73.924011
40.761239;-73.97312
40.761239;-73.97312
40.767345;-73.983704
40.719013;-74.000816
40.761239;-73.97312
40.927326;-74.245399
40.927326;-74.245399
40.790168;-73.829256
40.747128;-73.991786
40.823242;-73.955795
40.712703;-74.011654
40.757377;-73.868481
40.7537;-73.99305
40.681301;-73.955688
40.650828;-73.964798
40.719112;-73.987633
40.738762;-73.988861
40.759472;-73.966156
40.639999;-73.969017
40.746284;-73.984886
41.002064;-73.732162
40.776318;-73.953117
40.874829;-74.021118
40.753094;-73.931252
40.762859;-73.975388
40.915661;-74.170059
40.763714;-73.921562
40.757435;-73.983719
40.690701;-73.983482
40.768032;-73.98188
40.757732;-73.987221
40.719128;-73.990891
40.6534;-73.964523
40.81459;-74.166542
40.80621;-73.953278
40.80621;-73.953278
40.682098;-74.238632
40.888157;-74.02626
40.556576;-74.128174
40.742889;-73.992805
40.75;-73.989998
40.815193;-74.074791
40.764305;-73.955597
40.695545;-73.720685
40.78891;-73.977379
40.585499;-73.983139
40.915092;-74.059227
40.70715;-74.002106
40.784477;-73.977386
40.748192;-74.008575
40.729496;-74.006973
40.752998;-73.977058
40.761158;-73.983223
40.704128;-73.986397
40.658077;-73.99485
40.894135;-73.89646
40.749634;-73.987366
40.704815;-73.652489
40.714352;-74.005974
40.953117;-74.210762
40.80825;-73.930481
40.866745;-73.928734
40.866745;-73.928734
40.656471;-73.647438
40.741829;-73.982437
40.729015;-73.980865
40.673042;-73.983833
40.701944;-73.99464
40.782131;-73.957672
40.742821;-74.177071
40.758371;-73.983967
40.761887;-73.919167
40.687147;-73.990846
40.676716;-73.985313
40.70935;-73.869829
40.671654;-73.958015
40.753094;-73.931252
40.671608;-73.957916
40.671642;-73.958076
40.800919;-74.268021
40.737804;-74.00209
40.785473;-73.977501
40.724686;-73.954819
40.723392;-73.992516
40.70948;-73.92321
40.756729;-73.9897
40.745167;-74.430626
40.733856;-74.003075
40.771412;-73.988167
40.756535;-73.989891
40.76403;-73.981903
40.782001;-73.833504
40.765808;-73.833084
40.561802;-74.325821
40.767811;-73.962013
40.747919;-73.981883
40.757809;-73.98555
40.745995;-73.983978
41.059925;-73.957153
40.740639;-73.996361
40.754089;-73.992081
40.741623;-73.98254
40.747238;-73.991699
40.723026;-73.953117
40.751312;-74.00676
40.733528;-73.989868
41.001797;-74.040321
40.783062;-73.971252
40.651605;-74.304308
40.983589;-74.100471
40.794659;-73.966629
40.869915;-73.920898
40.794659;-73.966629
40.614685;-74.41687
40.950798;-74.031944
40.708469;-74.010597
40.721325;-73.994278
40.75238;-73.984756
40.720722;-73.98941
40.73333;-73.958038
40.761681;-73.974945
40.724735;-73.987381
40.721615;-74.031815
40.721325;-73.994278
41.094646;-74.005318
40.782001;-73.833504
40.740002;-74
40.757809;-73.98555
40.712132;-74.165718
40.75613;-73.772804
40.71722;-74.043633
40.65322;-74.350395
40.764126;-73.92961
40.773842;-73.971802
40.740646;-74.00737
40.734921;-74.166756
40.781113;-73.977821
40.704254;-73.934174
40.9776;-74.121155
40.847339;-74.161855
40.739971;-73.613579
40.677219;-73.957542
40.677891;-73.957024
40.712776;-73.95174
40.781113;-73.977821
40.722641;-73.955475
40.781078;-73.977707
40.538448;-74.149193
40.76445;-73.983109
40.905235;-74.064041
40.74789;-73.982895
40.70464;-73.964714
40.75613;-73.772804
40.76;-73.97
40.759727;-73.985207
40.74472;-73.985008
40.76;-73.97
40.762252;-73.972365
40.689743;-73.982368
40.689743;-73.982368
40.980141;-74.117653
40.543751;-74.165474
40.540737;-74.360672
40.759048;-73.989632
40.718861;-73.985924
40.764126;-73.92961
40.747334;-73.987251
40.716419;-73.986458
41.022102;-73.759163
40.707909;-73.657768
40.747334;-73.987251
40.947166;-74.387268
40.768697;-73.991818
40.72171;-73.950623
40.974239;-74.096489
40.977253;-74.071388
40.759254;-73.99115
40.679554;-73.944908
40.715263;-74.015816
40.764133;-73.98474
40.829021;-74.108215
40.707909;-73.657768
40.680363;-73.962418
40.766754;-73.957115
40.681396;-73.965103
40.982635;-74.12677
40.982635;-74.12677
40.80907;-73.951546
40.89217;-74.22309
40.893482;-74.230797
40.893482;-74.230797
40.89217;-74.22309
40.89217;-74.22309
40.89217;-74.22309
40.89217;-74.22309
40.89217;-74.22309
40.89217;-74.22309
40.893482;-74.230797
40.802925;-73.934753
40.749454;-73.994263
40.714558;-73.960945
40.748787;-74.027786
40.767647;-73.981949
40.714352;-74.005974
40.742657;-73.992195
40.712784;-74.005943
40.86293;-74.384544
40.726025;-73.996178
40.726166;-73.996025
40.726025;-73.996178
40.726025;-73.996178
40.920738;-74.08252
40.75613;-73.772804
40.69831;-73.99136
40.71804;-74.00299
40.728012;-73.601929
40.754063;-73.97274
40.728256;-73.991463
41.088612;-74.144165
40.650828;-73.964798
40.777309;-73.98008
40.533134;-74.333115
40.749115;-73.657486
40.728848;-73.988991
40.701004;-74.312477
40.695545;-73.720685
40.727114;-73.585438
40.72998;-74.271996
40.391235;-73.988091
40.80035;-73.971466
40.729496;-74.006973
40.761158;-73.983223
40.714352;-74.005974
40.781374;-73.952525
40.674923;-74.01616
40.673042;-73.983833
40.724258;-74.001846
40.737381;-73.823715
40.618847;-73.908966
40.908104;-74.417656
40.739429;-74.00119
40.739429;-74.00119
40.782787;-73.980186
40.733856;-74.003075
40.771412;-73.988167
40.746838;-73.982391
40.746838;-73.982391
40.746838;-73.982391
40.750599;-73.980064
40.81469;-73.934547
40.782001;-73.833504
40.746838;-73.982391
40.746838;-73.982391
40.746838;-73.982391
40.74826;-73.990135
40.74538;-73.989502
40.746838;-73.982391
40.757809;-73.98555
40.81469;-73.934547
40.75386;-73.992249
40.651605;-74.304308
40.764065;-73.992248
40.763145;-73.92099
40.744667;-73.984863
40.728565;-73.985367
40.744396;-74.172142
40.765285;-73.985199
40.751312;-74.00676
40.823376;-74.219505
40.906624;-74.130394
40.711842;-73.81838
40.673;-73.969635
40.690056;-73.988777
40.854565;-74.34774
40.699654;-73.948631
40.952671;-73.72699
40.750351;-73.984833
40.750912;-73.983932
40.721325;-73.994278
40.754444;-73.985565
40.721325;-73.994278
40.734985;-73.987709
41.028656;-73.764755
41.094646;-74.005318
40.802986;-73.9562
40.751328;-73.973579
40.629517;-74.309006
40.735138;-73.988243
40.735138;-73.988243
40.735138;-73.988243
40.735138;-73.988243
40.735138;-73.988243
40.735138;-73.988243
40.735138;-73.988243
40.735138;-73.988243
40.735138;-73.988243
40.753677;-73.978569
40.735138;-73.988243
40.730431;-73.95887
40.735138;-73.988243
40.735138;-73.988243
40.75613;-73.772804
40.765404;-73.960197
40.773842;-73.971802
40.772152;-73.95595
40.721016;-73.991058
40.720306;-74.012032
40.742306;-73.991356
40.972073;-74.079834
40.781113;-73.977821
40.704254;-73.934174
40.687088;-73.99131
40.838066;-74.063148
40.793911;-73.972763
40.763447;-73.723793
40.736229;-73.875664
40.781113;-73.977821
40.781078;-73.977707
40.768681;-74.01886
40.538448;-74.149193
40.76445;-73.983109
40.905235;-74.064041
40.81469;-73.934547
40.68;-73.529999
40.712784;-74.005943
40.75;-73.980003
40.745033;-73.983749
40.748787;-73.994545
40.753265;-73.975441
40.7351;-73.988297
40.74789;-73.982895
40.744125;-73.993454
40.75613;-73.772804
40.746273;-73.98825
40.754272;-73.98126
40.748268;-73.994408
40.705284;-74.014267
40.771206;-73.979652
40.811649;-74.218781
40.73476;-74.166832
40.752056;-73.979836
40.588757;-74.095154
40.764126;-73.92961
40.747334;-73.987251
40.729462;-73.99852
40.744785;-73.989796
40.646061;-73.972107
40.684887;-74.100554
40.713223;-74.015549
40.618484;-74.131706
40.558872;-74.169434
40.747093;-73.992442
40.720539;-74.044037
40.689396;-73.986145
40.910679;-73.782433
40.8619;-73.8269
40.707909;-73.657768
40.752712;-73.979568
40.782001;-73.833504
40.760384;-73.976677
40.756836;-73.972595
40.750351;-73.984833
40.749844;-73.989822
40.743027;-73.984818
40.753834;-74.001534
40.760506;-73.975281
40.725018;-73.99703
40.767395;-73.98203
40.869637;-74.308754
40.869678;-74.308358
40.870136;-74.308853
40.746273;-73.98825
40.748268;-73.994408
40.703205;-73.985359
40.679554;-73.944908
40.724697;-74.000313
40.752312;-73.983414
40.722122;-73.843056
40.705074;-74.009163
40.785194;-73.949341
40.541931;-74.361397
40.725994;-73.995712
40.681538;-74.00438
40.905078;-74.410738
40.887054;-74.041283
40.829021;-74.108215
40.743748;-74.258644
40.771397;-73.982834
40.835705;-74.426888
40.77536;-73.781517
40.707909;-73.657768
40.745312;-73.985382
40.89217;-74.22309
40.750351;-73.984833
40.73781;-73.990124
40.764065;-73.992248
40.675022;-73.99942
40.669167;-73.973465
40.888088;-74.026237
40.941185;-74.141647
41.059181;-74.022057
40.745163;-73.98027
40.747285;-73.912138
40.749783;-73.987755
40.726387;-74.00779
40.753139;-73.87262
40.686951;-73.985565
40.753094;-73.931252
40.69706;-74.21286
40.505764;-74.2641
40.714352;-74.005974
40.75613;-73.772804
40.740009;-74.169998
40.85603;-73.934364
40.71804;-74.00299
40.724258;-74.001846
40.801903;-73.910599
40.713028;-74.003754
40.735683;-73.998352
40.738144;-74.001068
40.823242;-73.955795
40.714352;-74.005974
40.713982;-74.014565
40.893925;-73.822365
40.650828;-73.964798
40.733864;-74.002251
40.650828;-73.964798
40.726111;-73.950833
40.894081;-74.417411
40.813591;-73.963806
40.764355;-73.986908
40.83248;-73.942635
40.975891;-74.044151
40.748268;-73.994408
40.861704;-73.880342
40.926041;-74.050298
40.727413;-74.052155
40.701004;-74.312477
40.726387;-74.00779
40.695545;-73.720685
40.740055;-73.73449
40.769847;-73.994325
40.748646;-73.948776
40.712688;-73.957924
40.76186;-73.983551
40.714352;-74.005974
40.947166;-74.387268
40.747772;-73.987411
40.715977;-73.962563
40.729023;-73.980858
40.729023;-73.980858
40.776157;-73.961685
40.6734;-73.9569
40.6734;-73.9569
40.761524;-73.97339
40.673042;-73.983833
40.906898;-74.408249
40.978542;-74.118271
40.763157;-73.924416
40.81599;-74.206917
40.67664;-73.668449
40.939502;-74.11947
40.545765;-74.330941
40.723667;-73.97892
40.756935;-73.971779
40.756634;-73.971413
40.742554;-74.006081
40.733856;-74.003075
40.771412;-73.988167
40.723263;-74.004951
40.748978;-73.987267
40.744839;-73.983208
40.757809;-73.98555
40.752563;-73.987022
40.689743;-73.982368
41.026764;-73.747787
40.651605;-74.304308
40.753044;-73.992393
40.764065;-73.992248
40.733528;-73.989868
41.004143;-73.657585
40.769081;-73.956482
40.740234;-73.991035
40.739628;-73.994072
40.743992;-74.032364
40.700863;-73.987473
41.094646;-74.005318
40.75613;-73.772804
40.71722;-74.043633
40.533134;-74.333115
40.773842;-73.971802
40.718895;-73.996033
40.775856;-73.91507
40.734241;-73.999084
41.002132;-74.045738
40.538448;-74.149193
40.76445;-73.983109
40.905235;-74.064041
40.81469;-73.934547
40.756729;-73.9897
40.753864;-73.97879
40.758442;-73.986992
40.724571;-73.995705
40.724594;-73.99572
40.758034;-73.984779
40.746891;-73.985191
40.724743;-73.995277
40.75613;-73.772804
40.747162;-73.982277
40.75787;-73.968925
40.743446;-73.987228
40.753597;-73.97809
40.764126;-73.92961
40.708244;-74.001717
40.750488;-73.976402
40.783147;-73.978326
40.656273;-73.647507
40.792831;-74.233131
40.707909;-73.657768
40.742538;-73.994553
40.757849;-73.984994
40.745152;-73.982681
40.746273;-73.98825
40.679554;-73.944908
40.863106;-74.388786
40.785194;-73.949341
40.81126;-74.104698
40.772087;-74.243782
40.762698;-73.988977
40.783264;-73.974709
40.829021;-74.108215
40.81842;-73.951515
40.743748;-74.258644
41.055149;-73.81778
40.707909;-73.657768
40.681396;-73.965103
40.737188;-73.994363
40.802925;-73.934753
40.655411;-73.645988
40.632668;-73.966927
40.730602;-73.991524
40.767647;-73.981949
40.946022;-74.093208
40.749821;-74.187523
40.755306;-73.988625
40.752571;-73.977631
40.849564;-73.933319
40.726025;-73.996178
40.75613;-73.772804
40.71804;-74.00299
40.757835;-73.978638
40.715065;-73.960701
40.759079;-73.973618
40.850761;-74.293724
40.823242;-73.955795
40.650828;-73.964798
40.726111;-73.950833
40.874829;-74.021118
40.866928;-74.021576
40.785473;-73.977501
41.091343;-73.919373
40.701004;-74.312477
40.695545;-73.720685
40.816521;-73.946541
40.718906;-73.961357
40.81284;-74.074211
40.677998;-73.959251
40.673042;-73.983833
40.791641;-73.815514
40.785458;-73.977463
40.76017;-73.965714
40.785473;-73.977501
40.785473;-73.977501
40.761059;-73.984009
40.733856;-74.003075
40.782001;-73.833504
40.757809;-73.98555
40.651605;-74.304308
40.744396;-74.172142
40.744728;-74.028683
40.744381;-73.910858
40.81128;-74.219345
41.094646;-74.005318
40.782001;-73.833504
40.802986;-73.9562
40.739574;-73.994102
40.75613;-73.772804
40.744682;-73.984871
40.780811;-73.976334
40.753696;-73.99102
40.74021;-73.994774
40.781113;-73.977821
40.687088;-73.99131
40.781113;-73.977821
40.538448;-74.149193
40.76445;-73.983109
40.81469;-73.934547
40.738876;-73.994598
40.653008;-74.32717
40.745033;-73.983749
40.750076;-73.992195
40.754059;-73.993347
40.760506;-73.975281
40.75613;-73.772804
40.737297;-73.992188
40.737297;-73.992188
40.737297;-73.992188
40.737297;-73.992188
40.705284;-74.014267
40.73476;-74.166832
40.762252;-73.972365
40.729244;-73.985802
40.764126;-73.92961
40.950058;-74.155342
40.618484;-74.131706
40.65553;-74.30544
40.722324;-73.959259
40.707909;-73.657768
40.759998;-73.989998
40.753597;-73.978088
40.756096;-73.98585
40.679554;-73.944908
40.785194;-73.949341
40.75687;-73.96801
40.712784;-74.005943
40.743748;-74.258644
40.707909;-73.657768
40.763786;-73.957062
40.80629;-74.104584
40.756943;-73.988785
40.80907;-73.951546
40.558132;-74.294052
40.669167;-73.973465
40.811096;-74.214012
40.763849;-73.979526
40.683586;-74.194099
40.71896;-74.002792
40.765137;-74.031509
40.75613;-73.772804
40.71804;-74.00299
40.76186;-73.983551
40.726111;-73.950833
40.714269;-74.005973
40.613609;-73.821098
40.725671;-73.516659
40.76012;-73.990944
40.712784;-74.005943
40.76104;-73.987015
40.739971;-73.613579
40.69695;-73.9345
40.701004;-74.312477
40.695545;-73.720685
40.78891;-73.977379
40.759377;-73.979973
40.817612;-73.96032
40.712784;-74.005943
40.787125;-74.046715
40.79031;-74.057457
40.79031;-74.057457
40.79031;-74.057457
40.673042;-73.983833
40.712784;-74.005943
40.782131;-73.957672
40.744137;-73.988426
40.744137;-73.988426
40.842049;-74.281158
40.712784;-74.005943
40.73293;-74.00393
40.712784;-74.005943
40.733856;-74.003075
40.767811;-73.962013
40.765285;-73.985199
40.651605;-74.304308
41.094646;-74.005318
40.712132;-74.165718
40.75613;-73.772804
40.978645;-74.115547
40.65322;-74.350395
40.73827;-73.998405
40.705441;-74.012886
40.781113;-73.977821
40.980865;-74.11977
40.722641;-73.955475
40.781113;-73.977821
40.538448;-74.149193
40.76445;-73.983109
40.81469;-73.934547
40.75613;-73.772804
40.723534;-73.992805
40.723534;-73.992805
40.723534;-73.992805
40.723534;-73.992805
40.723534;-73.992805
40.684887;-74.100554
40.707909;-73.657768
40.860424;-74.060936
40.738144;-74.001068
40.74139;-73.937813
40.785194;-73.949341
40.541931;-74.361397
40.715115;-74.046661
40.795319;-74.445465
40.707909;-73.657768
40.802925;-73.934753
40.748787;-74.027786
40.726025;-73.996178
40.726166;-73.996025
40.726025;-73.996178
40.726025;-73.996178
40.75613;-73.772804
40.715065;-73.960701
40.715828;-73.997299
40.716721;-73.998146
40.726111;-73.950833
40.753094;-73.931252
40.74419;-73.983208
40.774731;-73.96537
40.701004;-74.312477
40.695545;-73.720685
40.673042;-73.983833
40.735073;-73.988304
40.746838;-73.982391
41.094646;-74.005318
40.75613;-73.772804
40.781113;-73.977821
40.538448;-74.149193
40.76445;-73.983109
40.81469;-73.934547
40.75;-73.989998
40.759727;-73.985207
40.783062;-73.971252
40.707909;-73.657768
40.707909;-73.657768
40.711842;-73.81838
40.681396;-73.965103
40.669167;-73.973465
40.701004;-74.312477
40.71804;-74.00299
40.683;-74.3724
40.726111;-73.950833
40.695545;-73.720685
40.664504;-73.976932
40.673042;-73.983833
40.753983;-73.991226
40.734962;-73.99327
40.72467;-73.994743
40.738144;-74.001068
40.744839;-73.983208
41.094646;-74.005318
40.75613;-73.772804
40.533134;-74.333115
40.734241;-73.999084
41.002132;-74.045738
40.76445;-73.983109
40.75613;-73.772804
40.707909;-73.657768
40.743748;-74.258644
40.707909;-73.657768
40.727833;-73.985626
40.75613;-73.772804
40.730377;-73.984383
40.823242;-73.955795
40.893925;-73.822365
40.726208;-73.98362
40.650828;-73.964798
40.818092;-73.960449
40.728848;-73.988991
40.652412;-73.73171
40.695545;-73.720685
40.729023;-73.980858
40.650253;-74.023666
40.761524;-73.97339
40.673042;-73.983833
40.730591;-73.984299
40.728512;-73.988136
40.771694;-73.984764
40.672333;-73.973373
40.81128;-74.219345
40.650253;-74.023666
40.754059;-73.993347
40.759727;-73.985207
41.094646;-74.005318
40.75613;-73.772804
40.74021;-73.994774
40.76445;-73.983109
40.749454;-73.982742
40.653008;-74.32717
40.75613;-73.772804
40.747669;-73.973419
40.707909;-73.657768
40.740074;-73.985611
40.718895;-73.996033
40.7351;-73.988297
40.707909;-73.657768
40.78701;-73.975365
40.669167;-73.973465
44.149715;-73.76775
40.758617;-73.986221
40.726025;-73.996178
40.752705;-73.993477
40.726025;-73.996178
40.726025;-73.996178
40.726166;-73.996025
40.726025;-73.996178
40.75613;-73.772804
40.823242;-73.955795
40.695545;-73.720685
40.673042;-73.983833
40.785458;-73.977463
40.946522;-74.0933
40.895237;-74.065834
40.761932;-73.985214
40.767811;-73.962013
40.758076;-73.98481
41.094646;-74.005318
40.75613;-73.772804
41.002018;-74.040062
40.76445;-73.983109
40.75613;-73.772804
40.83765;-73.938248
40.707909;-73.657768
40.541931;-74.361397
40.795319;-74.445465
40.707909;-73.657768
40.743748;-74.258644
40.724346;-73.995705
40.75613;-73.772804
40.765239;-73.979354
40.823242;-73.955795
40.762917;-73.98954
40.797421;-74.305641
40.695545;-73.720685
40.673042;-73.983833
40.751591;-74.004433
40.753017;-73.992424
40.753017;-73.992424
40.785473;-73.977501
40.81469;-73.934547
41.094646;-74.005318
40.753677;-73.978569
40.75613;-73.772804
40.76445;-73.983109
40.75;-73.989998
40.742908;-73.990807
40.75613;-73.772804
40.59631;-73.959129
40.759727;-73.985207
40.705074;-74.009163
40.716419;-73.986458
40.7351;-73.988297
40.707909;-73.657768
40.752312;-73.983414
40.707909;-73.657768
40.726025;-73.996178
40.726025;-73.996178
40.726166;-73.996025
40.726025;-73.996178
40.75613;-73.772804
40.823242;-73.955795
40.721882;-73.957397
40.753094;-73.931252
40.926041;-74.050298
40.695545;-73.720685
40.673042;-73.983833
40.926277;-74.077011
40.72884;-73.98703
40.765285;-73.985199
41.094646;-74.005318
40.75613;-73.772804
40.76445;-73.983109
40.740368;-73.995644
40.75613;-73.772804
40.723209;-73.999344
40.707909;-73.657768
40.743748;-74.258644
40.780388;-73.981384
40.75613;-73.772804
40.650828;-73.964798
40.695545;-73.720685
40.761524;-73.97339
40.673042;-73.983833
40.742554;-74.006081
40.759727;-73.985207
40.75613;-73.772804
40.533134;-74.333115
40.734241;-73.999084
41.002132;-74.045738
40.75613;-73.772804
40.707909;-73.657768
40.809685;-73.95178
40.80035;-73.971466
40.9688;-74.130165
40.869637;-74.308754
40.869724;-74.308418
40.869724;-74.308418
40.869678;-74.308358
40.870136;-74.308853
40.75613;-73.772804
40.611691;-73.970451
40.695545;-73.720685
40.673042;-73.983833
40.759132;-73.98307
40.747921;-74.062859
40.75613;-73.772804
40.74021;-73.994774
40.653008;-74.32717
40.75613;-73.772804
40.707909;-73.657768
40.759304;-73.990044
40.541931;-74.361397
40.809685;-73.95178
40.75613;-73.772804
40.690357;-74.176636
40.695545;-73.720685
40.673042;-73.983833
40.785473;-73.977501
40.70784;-74.173241
40.767811;-73.962013
40.75613;-73.772804
40.75613;-73.772804
40.707909;-73.657768
40.796113;-73.961456
40.75613;-73.772804
40.643875;-73.694328
40.695545;-73.720685
40.711842;-73.81838
40.751591;-74.004433
40.673042;-73.983833
40.751591;-74.004433
40.72884;-73.98703
40.81469;-73.934547
40.765285;-73.985199
40.75613;-73.772804
40.75613;-73.772804
40.759727;-73.985207
40.707909;-73.657768
40.717106;-74.031891
40.739052;-74.374466
40.75613;-73.772804
40.732109;-73.866188
40.695545;-73.720685
40.761524;-73.97339
40.673042;-73.983833
40.742554;-74.006081
40.759727;-73.985207
40.75613;-73.772804
40.734241;-73.999084
41.002132;-74.045738
40.739044;-73.98308
40.75613;-73.772804
40.707909;-73.657768
40.75613;-73.772804
40.695545;-73.720685
40.673042;-73.983833
40.75613;-73.772804
40.74021;-73.994774
40.653008;-74.32717
40.75613;-73.772804
40.707909;-73.657768
40.739849;-73.990204
41.087097;-74.15676
43.994385;-71.369385
40.75613;-73.772804
40.695545;-73.720685
40.673042;-73.983833
40.785473;-73.977501
40.75613;-73.772804
40.75613;-73.772804
40.707909;-73.657768
40.541931;-74.361397
40.75613;-73.772804
40.63348;-74.114395
40.695545;-73.720685
40.673042;-73.983833
40.751591;-74.004433
40.81469;-73.934547
40.765285;-73.985199
40.753677;-73.978569
40.75613;-73.772804
40.75613;-73.772804
40.759727;-73.985207
40.707909;-73.657768
40.869637;-74.308754
40.869724;-74.308418
40.869678;-74.308358
40.870136;-74.308853
40.75613;-73.772804
40.695545;-73.720685
40.673042;-73.983833
40.742554;-74.006081
40.75613;-73.772804
41.002132;-74.045738
40.676178;-73.625816
40.75613;-73.772804
40.707909;-73.657768
40.711842;-73.81838
40.711842;-73.81838
40.749783;-73.987755
40.725563;-74.006935
40.725563;-74.006935
40.76583;-73.9763
40.75613;-73.772804
41.096146;-73.953201
40.695545;-73.720685
40.673042;-73.983833
40.75613;-73.772804
40.74021;-73.994774
40.653008;-74.32717
40.75613;-73.772804
40.707909;-73.657768
40.950253;-74.088074
40.75613;-73.772804
40.728226;-73.794853
40.695545;-73.720685
40.673042;-73.983833
40.724949;-74.036316
40.724949;-74.036316
40.724949;-74.036316
40.75613;-73.772804
40.75613;-73.772804
40.707909;-73.657768
40.541931;-74.361397
40.75613;-73.772804
40.695545;-73.720685
40.673042;-73.983833
40.785473;-73.977501
40.711842;-73.81838
40.81469;-73.934547
40.75613;-73.772804
40.75613;-73.772804
40.686451;-73.977699
40.707909;-73.657768
40.667538;-73.795647
40.667507;-73.795769
40.717682;-74.349403
40.75613;-73.772804
40.695545;-73.720685
40.673042;-73.983833
40.765285;-73.985199
40.75613;-73.772804
41.002132;-74.045738
40.75613;-73.772804
40.707909;-73.657768
41.087097;-74.15676
40.703407;-74.01152
40.946022;-74.093208
40.79361;-73.9516
40.75613;-73.772804
40.695545;-73.720685
40.673042;-73.983833
40.672333;-73.973373
40.756538;-73.989891
40.75613;-73.772804
40.74021;-73.994774
40.653008;-74.32717
40.75613;-73.772804
40.707909;-73.657768
40.75613;-73.772804
40.695545;-73.720685
40.673042;-73.983833
40.75613;-73.772804
40.75613;-73.772804
40.707909;-73.657768
40.541931;-74.361397
40.67691;-73.974167
40.75613;-73.772804
40.695545;-73.720685
40.73293;-74.00393
40.673042;-73.983833
40.785473;-73.977501
40.75613;-73.772804
40.75613;-73.772804
40.707909;-73.657768
40.754272;-73.981262
40.641312;-73.778137
40.75613;-73.772804
40.627148;-74.30217
40.695545;-73.720685
40.673042;-73.983833
40.81469;-73.934547
40.765285;-73.985199
40.75613;-73.772804
40.75613;-73.772804
40.707909;-73.657768
40.869637;-74.308754
40.870136;-74.308853
40.869678;-74.308358
40.75613;-73.772804
40.695545;-73.720685
40.673042;-73.983833
40.742554;-74.006081
40.75613;-73.772804
41.002132;-74.045738
40.75613;-73.772804
40.67717;-74.26857
40.707909;-73.657768
40.712784;-74.005943
40.75613;-73.772804
40.695545;-73.720685
40.673042;-73.983833
40.75613;-73.772804
40.74021;-73.994774
40.653008;-74.32717
40.75613;-73.772804
40.707909;-73.657768
40.711842;-73.81838
40.75613;-73.772804
40.695545;-73.720685
40.673042;-73.983833
40.75613;-73.772804
40.75613;-73.772804
40.707909;-73.657768
40.768284;-73.9811
40.75613;-73.772804
40.695545;-73.720685
40.751591;-74.004433
40.673042;-73.983833
40.81469;-73.934547
40.746838;-73.982391
40.765285;-73.985199
40.707909;-73.657768
40.695545;-73.720685
40.673042;-73.983833
41.002132;-74.045738
40.707909;-73.657768
40.70784;-74.173241
40.695545;-73.720685
40.673042;-73.983833
40.711842;-73.81838
40.672333;-73.973373
40.74021;-73.994774
40.653008;-74.32717
40.707909;-73.657768
40.695545;-73.720685
40.673042;-73.983833
40.707909;-73.657768
40.695545;-73.720685
40.673042;-73.983833
40.81469;-73.934547
40.707909;-73.657768
40.695545;-73.720685
40.673042;-73.983833
40.707909;-73.657768
40.695545;-73.720685
40.673042;-73.983833
40.742554;-74.006081
40.70784;-74.173241
40.653008;-74.32717
40.707909;-73.657768
40.754017;-73.98423
40.695545;-73.720685
40.673042;-73.983833
40.74021;-73.994774
40.707909;-73.657768
40.673042;-73.983833
40.707909;-73.657768
40.941185;-74.141647
40.673042;-73.983833
40.81469;-73.934547
40.707909;-73.657768
40.695545;-73.720685
40.707909;-73.657768
40.673042;-73.983833
40.672333;-73.973373
40.707909;-73.657768
40.711842;-73.81838
40.673042;-73.983833
40.707909;-73.657768
40.695545;-73.720685
40.81469;-73.934547
40.707909;-73.657768
40.749115;-73.657486
40.742554;-74.006081
40.707909;-73.657768
40.707909;-73.657768
41.087097;-74.15676
40.707909;-73.657768
40.707909;-73.657768
40.776569;-74.01049
40.742554;-74.006081
40.742554;-74.006081
41.060631;-73.863708
